{
	"info": {
		"_postman_id": "484164b4-d2df-4c57-b521-a93dd1c26e16",
		"name": "Pract-1__",
		"schema": "https://schema.getpostman.com/json/collection/v2.1.0/collection.json",
		"_exporter_id": "4087731"
	},
	"item": [
		{
			"name": "Create user",
			"request": {
				"method": "POST",
				"header": [],
				"body": {
					"mode": "raw",
					"raw": "{\r\n    \"firstName\": \"f1\",\r\n    \"lastName\": \"l1\",\r\n    \"login\": \"l2\",\r\n    \"password\": \"p1\"\r\n}",
					"options": {
						"raw": {
							"language": "json"
						}
					}
				},
				"url": {
					"raw": "http://localhost:8080/users",
					"protocol": "http",
					"host": [
						"localhost"
					],
					"port": "8080",
					"path": [
						"users"
					]
				}
			},
			"response": []
		},
		{
			"name": "Login",
			"request": {
				"method": "POST",
				"header": [],
				"body": {
					"mode": "raw",
					"raw": "{\r\n    \"login\": \"l2\",\r\n    \"password\": \"p1\"\r\n}",
					"options": {
						"raw": {
							"language": "json"
						}
					}
				},
				"url": {
					"raw": "http://localhost:8080/login",
					"protocol": "http",
					"host": [
						"localhost"
					],
					"port": "8080",
					"path": [
						"login"
					]
				}
			},
			"response": []
		},
		{
			"name": "Get users",
			"request": {
				"method": "GET",
				"header": [
					{
						"key": "Authorization",
						"value": "super_admin_password444",
						"type": "text"
					}
				],
				"url": {
					"raw": "http://localhost:8080/users",
					"protocol": "http",
					"host": [
						"localhost"
					],
					"port": "8080",
					"path": [
						"users"
					]
				}
			},
			"response": []
		},
		{
			"name": "Create order",
			"request": {
				"method": "POST",
				"header": [
					{
						"key": "Authorization",
						"value": "5902dc75-615c-49d0-87e9-b69be69cc714",
						"type": "text"
					}
				],
				"body": {
					"mode": "raw",
					"raw": "{\r\n    \"from\": \"address - 3\",\r\n    \"to\": \"address - 4\"\r\n}",
					"options": {
						"raw": {
							"language": "json"
						}
					}
				},
				"url": {
					"raw": "http://localhost:8080/orders",
					"protocol": "http",
					"host": [
						"localhost"
					],
					"port": "8080",
					"path": [
						"orders"
					]
				}
			},
			"response": []
		}
	]
}